标题,播放量,UP主,链接,时间
『教程』一看就懂！Github基础教程,3427844,偶尔有点小迷糊,https://www.bilibili.com/video/BV1hS4y1S7wL,04-07 06:35
🙃学生会使绊，军训吃泔水，辅导员罚抄，我选择对抗！！！,2863071,Git源宝,https://www.bilibili.com/video/BV1nW4y1b7rV,04-07 06:35
🐔起底蔡徐坤，为什么见不到真ikun？,2606631,Git源宝,https://www.bilibili.com/video/BV1iG411h729,04-07 06:35
我宣布向量数据库才是查询鲁迅说没说的最优解法,2541482,阿威日记_,https://www.bilibili.com/video/BV1ZmBQYjEea,04-07 06:35
【Github】使用指南,2105936,云影同学yunyuv,https://www.bilibili.com/video/BV1Wz4y1M7Jc,04-07 06:35
【狂神说Java】Git最新教程通俗易懂,1877049,遇见狂神说,https://www.bilibili.com/video/BV1FE411P7B3,04-07 06:35
全世界最强的网站，但是你根本不会用？,1671602,玄离199,https://www.bilibili.com/video/BV1uQ4y1n7pi,04-07 06:35
这个星球最好用的网站，普通人如何用好GitHub？,1663478,李大可爱玩,https://www.bilibili.com/video/BV1m4GhzEER3,04-07 06:35
这应该是全球最强的资源网站了..... 一个视频玩转Github！！！,1570308,小宇Boi,https://www.bilibili.com/video/BV1Ys421T7x8,04-07 06:35
『教程』手把手教你流畅访问Github,1562256,偶尔有点小迷糊,https://www.bilibili.com/video/BV1Aq4y1q7hr,04-07 06:35
黑客那么厉害，为什么不攻击支付宝，让自己一夜暴富？,1020225,一个学安全的,https://www.bilibili.com/video/BV1qu4y1w7cX,04-07 06:35
网络安全/Kali渗透测试教程/kali/Linux/黑客/web安全/信息安全/白帽黑客,758551,学神科技,https://www.bilibili.com/video/BV1Kt411u73T,04-07 06:35
黑客怎么忍得住不攻击，上亿流水的赌博网站？（网络安全/黑客技术）,539240,码农的黑客视界,https://www.bilibili.com/video/BV1ESvkePEg7,04-07 06:35
“白帽黑客”1秒破解iPhone13 Pro，获30万美元奖金,401006,老板联播,https://www.bilibili.com/video/BV1MF411e7BB,04-07 06:35
白帽黑客VS黑帽黑客，哪种黑客收入最高？（网络安全/黑客技术）,313357,黑客七七_,https://www.bilibili.com/video/BV1rFJJzXEtm,04-07 06:35
如果你在未授权的情况下发现了漏洞，你会上报吗？,307209,黑客Lion,https://www.bilibili.com/video/BV1VNhhzuEeJ,04-07 06:35
白帽黑客是如何在工作中爆破出目标信息的？kali九头蛇Hydra你值得拥有。,268948,老邪讲网络安全,https://www.bilibili.com/video/BV1Vg411e7vK,04-07 06:35
护网日薪2700？苕皮哥帮大家试过了，是真的“刑”！,261303,白帽黑客无涯,https://www.bilibili.com/video/BV1Sj411q7dE,04-07 06:35
胡塞老弟竟然黑了美GPS系统，随意控制MQ-9无人机做仰卧起坐！！！,224014,白帽黑客霖霖,https://www.bilibili.com/video/BV1i6421Z7uU,04-07 06:35
美国破防了！全球悬赏1000万美元，通缉中国顶级黑客！,221404,白帽黑客无涯,https://www.bilibili.com/video/BV1z9cnenEEi,04-07 06:35
当我把家里的门改成了一块屏幕...,43709817,小狮日记,https://www.bilibili.com/video/BV1xQWizoE6k,04-07 06:35
【才浅手工】魔刀千刃制作 究竟什么叫还原？看完你就明白了,26350175,才疏学浅的才浅,https://www.bilibili.com/video/BV1tJ411W7hw,04-07 06:35
【何同学】我做了苹果放弃的产品...,26041750,老师好我叫何同学,https://www.bilibili.com/video/BV19v411M7Rs,04-07 06:35
儿童玩具之用彩虹糖给小宝宝洗澡,24651850,彩虹的花园,https://www.bilibili.com/video/BV1FL4y1e7Bk,04-07 06:35
【何同学】为了不用倒垃圾，我们做了这个...,23746359,老师好我叫何同学,https://www.bilibili.com/video/BV1JDMQzUEwy,04-07 06:35
小黄：等下，这剧本不对呀！,21875789,小小小土豆1996,https://www.bilibili.com/video/BV14yYGz2Ef8,04-07 06:35
【何同学】我们做了台魔法钢琴…,21772752,老师好我叫何同学,https://www.bilibili.com/video/BV1d1vUBUE54,04-07 06:35
因为懒得下床关灯，我做了一根魔杖,21170182,小狮日记,https://www.bilibili.com/video/BV1yz421h76q,04-07 06:35
自制招财猫打雪仗机甲,20841116,手工耿,https://www.bilibili.com/video/BV1pEwvevEYU,04-07 06:35
：任何路况都如履平地啊,20371606,BEC乐高实验,https://www.bilibili.com/video/BV17VojYtEk5,04-07 06:35
